date,symbol,open,close,low, high, volume
2014-12-01,BTC,300.0,370.0,300.0,370.0,31.30887100000038
2014-12-02,BTC,370.0,378.0,370.0,378.0,2471.2205078600746
2014-12-03,BTC,378.0,377.1,377.01,378.0,62.803451080000116
2014-12-05,BTC,378.0,378.0,378.0,378.0,0.015
2014-12-08,BTC,375.01,375.01,375.0,375.0,0.235
2014-12-10,BTC,398.0,360.5,360.5,398.0,0.02
2014-12-12,BTC,379.0,350.0,350.0,379.0,4.44
2014-12-18,BTC,345.0,345.0,340.0,340.0,2.0
2015-01-07,BTC,360.0,343.03,270.35,360.0,0.8100000000000004
2015-01-08,BTC,334.27,293.86,264.81,348.43,16.42999999999981
2015-01-13,BTC,260.0,200.0,200.0,260.0,1224.189999999999
2015-01-14,BTC,200.0,192.0,109.87,221.0,74.06000704000044
2015-01-15,BTC,191.99,203.0,150.0,224.0,196.89467803998875
2015-01-16,BTC,203.0,210.0,189.0,225.5,18.095999999999663
2015-01-17,BTC,210.0,186.0,184.0,210.0,22.568999999999747
2015-01-18,BTC,210.0,210.0,210.0,210.0,16.799999999999972
2015-01-19,BTC,210.0,225.51,210.0,225.51,35.11000000000093
2015-01-20,BTC,225.51,224.0,208.0,225.51,14.118999999999733
2015-01-21,BTC,224.0,229.97,216.59,252.68,9.488402499999859
2015-01-22,BTC,225.0,226.32,216.67,257.58,20.940000000000627
2015-01-23,BTC,226.32,216.0,215.0,235.0,25.440070000000212
2015-01-24,BTC,216.0,250.23,216.0,250.58,140.09000000000032
2015-01-25,BTC,250.23,269.2,245.32,274.35,3119.9020132800088
2015-01-26,BTC,269.2,258.51,241.43,307.46,11267.977361210013
2015-01-27,BTC,258.7,263.52,244.03,267.5,2074.888498399998
2015-01-28,BTC,263.53,236.42,228.5,263.52,7074.194242360009
2015-01-29,BTC,236.42,236.02,221.14,241.68,7790.795621310016
2015-01-30,BTC,236.0,229.75,227.89,244.59,7699.087643740011
2015-01-31,BTC,230.02,220.08,216.16,234.54,7441.832252320018
2015-02-01,BTC,220.08,228.0,210.0,233.42,8640.172668400017
2015-02-02,BTC,228.0,236.95,220.89,242.0,9847.147731809995
2015-02-03,BTC,237.03,229.46,225.32,243.84,9334.396892480032
2015-02-04,BTC,229.41,228.66,221.5,230.99,9745.822567590025
2015-02-05,BTC,228.5,219.87,215.0,228.9,8706.653803720006
2015-02-06,BTC,219.64,224.85,216.03,226.64,5663.817470180006
2015-02-07,BTC,224.84,228.02,223.35,230.31,4811.47875652
2015-02-08,BTC,227.17,224.0,220.0,231.12,5067.80040437001
2015-02-09,BTC,223.69,221.51,216.45,225.0,6806.252154280014
2015-02-10,BTC,221.43,223.08,215.0,223.1,7905.114625360014
2015-02-11,BTC,223.08,220.0,217.46,223.61,8980.244394119993
2015-02-12,BTC,219.71,222.8,218.0,224.61,7925.981156000025
2015-02-13,BTC,222.36,238.9,221.55,242.12,15801.795392580008
2015-02-14,BTC,238.75,260.09,237.16,261.51,15997.637956120023
2015-02-15,BTC,259.71,230.0,228.0,267.5,16804.413319189993
2015-02-16,BTC,229.88,235.57,229.69,241.0,10561.309362720012
2015-02-17,BTC,235.32,244.44,234.55,247.43,18533.920711390027
2015-02-18,BTC,244.07,236.97,231.93,246.0,11653.893182940008
2015-02-19,BTC,236.95,241.77,235.58,245.0,9599.753394000007
2015-02-20,BTC,241.53,245.5,239.99,248.24,11286.560732399992
2015-02-21,BTC,245.46,246.97,244.0,248.12,6934.834586580006
2015-02-22,BTC,246.97,238.42,234.01,247.48,8511.896759580008
2015-02-23,BTC,238.4,240.97,232.0,240.97,10636.827529249998
2015-02-24,BTC,240.77,240.05,235.51,241.15,8718.945739649997
2015-02-25,BTC,239.85,237.35,235.1,240.21,8352.439787989997
2015-02-26,BTC,237.1,237.47,234.33,238.16,8745.257778830022
2015-02-27,BTC,237.47,252.08,237.32,258.97,21464.43551853001
2015-02-28,BTC,251.88,254.44,250.0,256.29,7007.282261240016
2015-03-01,BTC,254.44,259.5,244.88,261.69,11611.111558250002
2015-03-02,BTC,259.3,275.4,256.6,279.34,19866.79650351002
2015-03-03,BTC,275.4,284.05,267.07,289.0,18079.936904960017
2015-03-04,BTC,283.8,272.31,267.39,284.97,14030.349572930007
2015-03-05,BTC,272.3,277.56,262.49,281.0,12288.311202310026
2015-03-06,BTC,277.62,272.07,269.12,278.47,9500.406537869987
2015-03-07,BTC,272.0,277.14,270.55,279.36,6461.932301590008
2015-03-08,BTC,277.1,276.18,270.29,278.91,5559.650593070007
2015-03-09,BTC,276.18,297.48,275.31,298.27,15712.75840091002
2015-03-10,BTC,297.41,293.54,290.51,299.47,15603.823320100017
2015-03-11,BTC,293.01,294.44,291.2,297.8,9381.592410570009
2015-03-12,BTC,294.43,294.13,291.87,298.62,9409.595601900013
2015-03-13,BTC,294.3,284.75,280.86,295.5,12940.661185619996
2015-03-14,BTC,284.69,285.3,282.18,288.91,6462.143294460007
2015-03-15,BTC,285.28,293.7,284.0,294.16,5553.357560619991
2015-03-16,BTC,293.51,291.99,290.03,294.98,8762.002674750009
2015-03-17,BTC,292.01,284.71,283.51,293.69,8177.276496870007
2015-03-18,BTC,284.59,253.48,249.2,286.0,20800.852518760028
2015-03-19,BTC,253.38,267.1,252.5,267.0,14439.645899500003
2015-03-20,BTC,266.75,261.98,259.31,267.11,7622.530393109995
2015-03-21,BTC,261.66,261.15,256.66,263.36,6301.989757110019
2015-03-22,BTC,261.05,270.0,259.71,271.3,6538.605643580011
2015-03-23,BTC,269.87,267.33,260.81,272.21,13864.326285100016
2015-03-24,BTC,267.29,248.51,244.8,268.0,18483.720068210016
2015-03-25,BTC,248.33,247.11,234.51,249.98,11558.010368920013
2015-03-26,BTC,247.01,247.17,244.92,254.9,11923.731486069992
2015-03-27,BTC,247.1,249.65,246.58,250.4,8094.652687110012
2015-03-28,BTC,249.64,248.07,247.83,254.99,6636.79784505002
2015-03-29,BTC,248.05,245.69,237.94,249.67,10163.037443520006
2015-03-30,BTC,245.63,249.7,242.0,250.0,10071.237065410016
2015-03-31,BTC,249.69,246.52,242.87,249.8,8439.838915230008
2015-04-01,BTC,246.47,248.06,241.07,249.55,10268.885467980004
2015-04-02,BTC,248.01,254.2,245.8,255.24,8856.104311420007
2015-04-03,BTC,254.22,255.84,252.59,257.12,7364.520092510004
2015-04-04,BTC,255.76,252.9,251.26,255.81,5035.1387537699975
2015-04-05,BTC,252.88,262.99,252.06,263.0,5958.130697349994
2015-04-06,BTC,262.62,256.17,254.01,262.9,8244.780082659994
2015-04-07,BTC,256.1,254.84,253.45,258.11,7786.444230720009
2015-04-08,BTC,254.5,246.74,244.29,255.59,7962.625200850002
2015-04-09,BTC,246.3,243.06,239.02,246.9,7738.694512299996
2015-04-10,BTC,242.84,238.99,232.35,243.42,11857.971565989987
2015-04-11,BTC,238.99,238.29,234.77,239.86,6674.680082160013
2015-04-12,BTC,238.27,237.48,234.02,238.55,4643.727334329995
2015-04-13,BTC,237.48,225.37,220.77,238.0,13134.863678910004
2015-04-14,BTC,225.37,223.5,216.92,226.0,12943.628314189995
2015-04-15,BTC,223.1,227.96,218.09,227.96,8883.940862319992
2015-04-16,BTC,227.8,228.85,225.87,230.75,8385.581497270003
2015-04-17,BTC,228.76,223.71,220.46,229.67,7569.169337730001
2015-04-18,BTC,223.66,224.04,222.18,224.04,4346.170103170008
2015-04-19,BTC,224.04,224.32,223.44,226.72,5649.726038680003
2015-04-20,BTC,224.36,225.89,223.47,227.37,8470.77867498001
2015-04-21,BTC,225.89,236.0,224.01,236.0,10098.972402700007
2015-04-22,BTC,236.0,234.22,233.05,238.6,7047.705200370006
2015-04-23,BTC,234.21,233.22,232.11,236.92,7408.900012720008
2015-04-24,BTC,233.22,232.35,230.12,234.78,6757.824622269996
2015-04-25,BTC,232.32,220.96,220.0,231.96,6122.383512050001
2015-04-26,BTC,220.95,221.1,215.56,222.65,9190.29369557001
2015-04-27,BTC,221.08,228.43,218.78,231.11,12038.535913689997
2015-04-28,BTC,228.46,225.59,220.46,229.04,7012.916961310005
2015-04-29,BTC,225.57,225.44,220.2,227.05,7369.1556278100015
2015-04-30,BTC,225.4,237.86,225.17,239.88,12272.110574879993
2015-05-01,BTC,237.71,233.96,233.0,238.78,10715.466194820021
2015-05-02,BTC,233.95,236.75,233.51,237.0,5829.403523349998
2015-05-03,BTC,236.73,240.33,235.78,242.96,6895.801610839997
2015-05-04,BTC,240.23,239.99,238.06,243.9,9001.038568219994
2015-05-05,BTC,239.97,235.49,232.0,239.99,10023.753409130002
2015-05-06,BTC,235.54,230.3,228.38,236.34,8658.124724930009
2015-05-07,BTC,230.3,237.07,228.67,239.0,8684.049042859999
2015-05-08,BTC,236.89,245.17,236.35,246.98,9014.964876930015
2015-05-09,BTC,245.15,242.64,240.0,247.6,6216.049487840003
2015-05-10,BTC,242.4,242.33,239.63,244.87,4609.417314780004
2015-05-11,BTC,242.38,241.15,239.5,245.49,8264.94696774002
2015-05-12,BTC,241.11,242.8,240.37,243.0,6551.810249319997
2015-05-13,BTC,242.71,237.17,235.54,244.11,11953.49124815
2015-05-14,BTC,237.12,237.94,232.61,240.0,10004.791846810009
2015-05-15,BTC,237.94,237.56,236.89,239.0,9857.97687363
2015-05-16,BTC,237.54,236.72,235.48,237.99,2783.9824032300285
2015-05-17,BTC,236.72,237.15,236.62,238.19,5752.45657682
2015-05-18,BTC,237.15,234.29,231.66,237.89,7772.159919489986
2015-05-19,BTC,234.21,233.5,231.53,234.9,7609.101522330021
2015-05-20,BTC,233.46,234.72,232.62,234.99,7199.868058549995
2015-05-21,BTC,234.7,236.34,234.47,236.74,6579.258024809986
2015-05-22,BTC,236.31,239.56,235.11,241.9,8253.090134640002
2015-05-23,BTC,239.46,239.51,238.49,240.64,4057.7746057799977
2015-05-24,BTC,239.51,241.08,238.27,242.0,4275.262760480006
2015-05-25,BTC,241.08,237.94,236.71,241.4,4686.6583818600075
2015-05-26,BTC,237.85,237.33,235.81,238.34,7028.348299709994
2015-05-27,BTC,237.38,237.96,236.47,238.7,6805.014482979995
2015-05-28,BTC,237.96,237.1,236.23,238.48,6783.701089579998
2015-05-29,BTC,237.1,236.6,235.01,237.68,6306.13129556
2015-05-30,BTC,236.6,233.9,231.0,236.63,6955.101688020005
2015-05-31,BTC,233.89,230.68,229.16,233.93,6906.001198260009
2015-06-01,BTC,230.68,223.43,221.58,230.99,10675.167142139995
2015-06-02,BTC,223.28,226.8,221.84,227.42,9020.681424890017
2015-06-03,BTC,226.8,225.65,223.82,227.0,6942.912070789995
2015-06-04,BTC,225.6,224.24,223.56,225.99,6405.6652101599975
2015-06-05,BTC,224.21,224.76,223.01,226.74,7030.176208029991
2015-06-06,BTC,224.76,225.65,224.27,226.09,4163.911947740013
2015-06-07,BTC,225.65,224.82,222.88,225.81,4102.5611282200025
2015-06-08,BTC,224.76,228.59,223.92,230.09,7445.925340199995
2015-06-09,BTC,228.54,229.19,228.34,231.91,6653.571255299989
2015-06-10,BTC,229.17,229.0,227.98,230.45,6445.874496340001
2015-06-11,BTC,229.07,229.22,228.88,230.75,6346.456686050003
2015-06-12,BTC,229.2,229.73,228.79,231.32,6062.707957069993
2015-06-13,BTC,229.73,233.33,229.59,233.59,4635.247858709996
2015-06-14,BTC,233.34,235.62,233.06,235.64,3797.884434700017
2015-06-15,BTC,235.63,237.44,234.57,238.49,6732.519343659997
2015-06-16,BTC,237.44,248.82,236.6,254.32,11084.161451159984
2015-06-17,BTC,248.68,250.63,247.0,258.88,10006.42346145
2015-06-18,BTC,250.63,250.43,243.51,253.29,7862.861477969992
2015-06-19,BTC,250.42,244.24,244.2,251.0,6275.923972540003
2015-06-20,BTC,244.24,244.43,240.46,246.99,4931.537613040002
2015-06-21,BTC,244.42,245.16,242.0,246.49,4384.162296489999
2015-06-22,BTC,245.05,247.93,244.14,248.4,6120.33417341
2015-06-23,BTC,247.91,244.29,243.01,248.05,5656.7294324800105
2015-06-24,BTC,244.29,240.38,239.51,244.28,5685.929177910001
2015-06-25,BTC,240.29,242.52,240.12,243.23,6389.182870620006
2015-06-26,BTC,242.46,243.04,239.91,243.46,6586.793379330004
2015-06-27,BTC,242.97,251.0,242.73,252.21,5817.3371779999925
2015-06-28,BTC,250.99,251.19,247.51,251.81,4897.1277775900035
2015-06-29,BTC,251.19,258.94,249.74,259.03,11625.005780840034
2015-06-30,BTC,258.92,264.72,258.85,268.98,11856.79402879001
2015-07-01,BTC,264.62,260.63,255.12,264.5,8797.475182119992
2015-07-02,BTC,260.62,256.38,253.0,261.98,18943.94053061997
2015-07-03,BTC,256.07,256.18,252.77,257.39,5176.977083280006
2015-07-04,BTC,256.0,262.34,254.4,262.77,4500.686263860003
2015-07-05,BTC,262.31,269.49,258.99,275.13,9287.598122479982
2015-07-06,BTC,269.48,271.51,268.3,277.88,10182.262788980008
2015-07-07,BTC,271.42,264.74,264.41,271.9,7144.035156490003
2015-07-08,BTC,264.54,268.73,264.54,273.97,8712.676715500014
2015-07-09,BTC,268.73,270.05,268.45,272.24,6456.326471099999
2015-07-10,BTC,270.03,286.22,269.42,294.71,16351.582548720015
2015-07-11,BTC,286.22,299.25,284.5,301.26,10259.548497970021
2015-07-12,BTC,299.24,309.49,298.21,316.49,11929.907158309987
2015-07-13,BTC,309.29,295.66,281.62,309.32,12996.401838369993
2015-07-14,BTC,295.48,289.96,286.25,297.77,7058.261416649994
2015-07-15,BTC,289.95,288.25,284.98,294.08,8310.411676480006
2015-07-16,BTC,288.25,279.45,275.0,289.55,8448.910034200013
2015-07-17,BTC,279.39,279.61,272.64,281.35,7006.83506762
2015-07-18,BTC,279.7,278.33,276.34,282.71,4536.256880230003
2015-07-19,BTC,278.3,275.49,273.34,278.48,4255.318563770001
2015-07-20,BTC,275.44,280.37,275.36,281.13,6023.279067889998
2015-07-21,BTC,280.37,276.49,276.01,281.27,4974.066932080004
2015-07-22,BTC,276.58,279.06,275.01,279.74,5089.020467180002
2015-07-23,BTC,279.06,276.88,276.28,279.18,5299.428641030002
2015-07-24,BTC,276.87,288.32,276.43,291.47,7653.411215690003
2015-07-25,BTC,288.32,289.48,287.62,291.66,4422.06181709
2015-07-26,BTC,289.47,293.8,288.65,294.96,4422.686909059996
2015-07-27,BTC,293.79,296.41,287.24,297.8,7262.966188039995
2015-07-28,BTC,296.4,296.0,293.69,298.0,5781.085310309998
2015-07-29,BTC,295.69,289.45,288.24,296.0,5359.324569580002
2015-07-30,BTC,289.45,289.77,286.56,291.56,5517.276177009995
2015-07-31,BTC,289.84,283.12,282.25,289.88,6006.749962979993
2015-08-01,BTC,283.27,280.56,277.26,284.0,4335.86454859999
2015-08-02,BTC,280.32,281.41,277.33,282.62,3971.1993087400015
2015-08-03,BTC,281.31,283.62,280.11,285.81,5632.041815050013
2015-08-04,BTC,283.62,286.06,282.0,286.47,5686.442656129999
2015-08-05,BTC,286.06,282.22,281.08,286.12,6232.471673220003
2015-08-06,BTC,282.04,278.93,278.82,282.31,5461.135459409996
2015-08-07,BTC,278.88,279.36,277.05,281.17,5177.250643630001
2015-08-08,BTC,279.33,262.33,260.07,279.83,6882.987675849997
2015-08-09,BTC,262.33,267.01,262.01,268.89,5101.979970379987
2015-08-10,BTC,266.55,265.4,263.17,267.6,5540.734677119992
2015-08-11,BTC,265.41,272.03,265.12,272.34,6531.9632202499915
2015-08-12,BTC,272.0,266.7,265.79,272.4,6182.752347970003
2015-08-13,BTC,266.7,263.6,262.94,267.13,5778.061554409995
2015-08-14,BTC,263.6,266.23,262.5,267.98,7206.7422087199875
2015-08-15,BTC,266.24,262.56,260.11,267.69,4527.677547030008
2015-08-16,BTC,262.61,258.94,255.67,263.0,6285.092147680003
2015-08-17,BTC,258.96,256.16,255.58,261.57,7430.3950178899995
2015-08-18,BTC,256.47,235.95,200.0,257.27,13719.575388009991
2015-08-19,BTC,235.93,229.48,222.11,237.98,12269.334007369996
2015-08-20,BTC,229.48,233.95,229.48,238.2,9027.793320339997
2015-08-21,BTC,233.88,234.47,231.15,236.98,8430.944726189997
2015-08-22,BTC,234.47,232.58,222.68,234.87,7123.434058230013
2015-08-23,BTC,232.56,227.4,225.22,233.25,5355.019266070002
2015-08-24,BTC,227.4,210.0,198.02,228.88,22285.304967719978
2015-08-25,BTC,209.43,225.01,203.78,228.14,14961.338794639994
2015-08-26,BTC,224.97,225.92,220.16,231.67,9669.856257240002
2015-08-27,BTC,225.83,224.55,221.2,229.99,8711.16329956
2015-08-28,BTC,224.38,232.98,223.0,236.18,9529.122325160002
2015-08-29,BTC,232.72,233.36,228.0,233.69,4889.795166800009
2015-08-30,BTC,233.31,228.56,226.59,233.31,5282.845167889999
2015-08-31,BTC,228.47,230.65,225.23,233.16,7933.789863749994
2015-09-01,BTC,230.61,226.82,226.42,230.61,8505.739332219997
2015-09-02,BTC,226.81,229.65,226.43,231.36,8090.888881379992
2015-09-03,BTC,229.65,228.51,226.48,230.34,7175.245516159999
2015-09-04,BTC,228.48,230.7,227.62,232.25,7440.853658300002
2015-09-05,BTC,230.65,239.8,230.3,241.0,7365.610857480006
2015-09-06,BTC,239.77,241.07,238.88,244.82,5946.082880809995
2015-09-07,BTC,241.07,242.17,239.21,243.94,5653.928210790002
2015-09-08,BTC,242.11,244.1,241.67,247.0,8721.388704129986
2015-09-09,BTC,244.03,239.49,238.6,244.69,7132.62924536001
2015-09-10,BTC,239.49,240.96,236.69,241.31,6649.642184700014
2015-09-11,BTC,240.96,240.96,239.33,241.54,6085.0407821100025
2015-09-12,BTC,240.94,235.91,235.03,241.12,5826.974098519993
2015-09-13,BTC,235.91,229.84,229.22,236.47,6098.181542179998
2015-09-14,BTC,229.81,232.31,228.01,233.61,8159.771394629994
2015-09-15,BTC,232.33,231.59,230.26,232.43,7657.286958569999
2015-09-16,BTC,231.54,230.54,226.85,232.0,8099.285510010006
2015-09-17,BTC,230.54,233.38,229.01,235.93,7760.810818880011
2015-09-18,BTC,233.38,232.98,231.75,234.38,6991.84483494002
2015-09-19,BTC,232.98,232.67,232.0,233.91,3472.4272715599986
2015-09-20,BTC,232.57,232.28,231.84,234.0,4517.60729484001
2015-09-21,BTC,232.09,228.69,226.87,232.51,8816.878301540011
2015-09-22,BTC,228.69,231.86,224.45,232.69,9756.959348009996
2015-09-23,BTC,231.85,231.44,229.27,232.22,7046.0775756400035
2015-09-24,BTC,231.43,234.86,231.0,235.99,9854.28137128001
2015-09-25,BTC,234.85,236.07,234.02,237.62,7094.520834079998
2015-09-26,BTC,236.06,234.66,233.5,236.12,4332.781830350007
2015-09-27,BTC,234.62,235.23,233.2,235.23,4109.4088246400015
2015-09-28,BTC,235.3,239.66,235.29,241.05,9688.05650838001
2015-09-29,BTC,239.6,238.05,236.65,240.98,6640.19560128
2015-09-30,BTC,238.05,238.15,236.26,238.75,5757.11747561
2015-10-01,BTC,238.1,239.23,236.97,239.83,6510.15831667001
2015-10-02,BTC,239.23,238.7,236.97,239.32,6822.142663510017
2015-10-03,BTC,238.69,239.9,238.15,240.62,4843.571637179998
2015-10-04,BTC,239.81,239.18,238.88,240.28,4917.35823015
2015-10-05,BTC,239.17,241.55,237.5,241.55,8428.97320746001
2015-10-06,BTC,241.53,247.62,240.31,248.0,11716.25556905001
2015-10-07,BTC,247.6,245.2,240.2,247.81,9457.51458549003
2015-10-08,BTC,245.13,242.75,241.1,245.38,6242.584548090014
2015-10-09,BTC,242.15,245.23,242.15,245.39,5309.0126186599855
2015-10-10,BTC,245.18,246.13,243.8,246.62,4447.659764560005
2015-10-11,BTC,246.12,248.83,245.63,249.98,5064.915048540006
2015-10-12,BTC,248.83,245.71,244.86,249.14,6624.193203339998
2015-10-13,BTC,245.65,250.97,245.33,251.5,7726.25161811
2015-10-14,BTC,250.96,254.99,250.25,255.0,8147.235067989999
2015-10-15,BTC,254.99,256.16,253.29,256.77,7453.86973154
2015-10-16,BTC,256.18,267.35,255.52,267.6,9855.521889650003
2015-10-17,BTC,267.35,272.07,264.18,274.81,11320.721383510003
2015-10-18,BTC,271.96,266.23,262.94,272.5,6287.6986623900075
2015-10-19,BTC,266.23,265.93,262.05,268.12,6584.568218910025
2015-10-20,BTC,265.93,272.22,264.38,272.95,10107.119187220027
2015-10-21,BTC,272.19,269.06,265.0,272.83,6953.488077560004
2015-10-22,BTC,269.06,276.82,268.8,279.98,9658.333004430006
2015-10-23,BTC,276.82,281.0,275.79,281.24,7247.571423040002
2015-10-24,BTC,281.0,284.77,279.87,285.68,6157.449576489996
2015-10-25,BTC,284.72,287.29,283.28,295.89,10723.56753858998
2015-10-26,BTC,287.31,290.97,282.04,291.12,8119.1367956300055
2015-10-27,BTC,290.96,299.0,287.75,299.99,11224.837403690002
2015-10-28,BTC,299.0,304.07,296.88,308.49,15871.003823329993
2015-10-29,BTC,304.04,328.45,303.83,328.04,14003.561348460013
2015-10-30,BTC,328.15,332.63,316.49,336.95,15518.745875269979
2015-10-31,BTC,332.6,315.19,306.29,334.19,15611.321093040031
2015-11-01,BTC,315.0,327.22,311.44,331.89,11343.677192270017
2015-11-02,BTC,327.02,366.36,326.5,370.66,20994.830736109987
2015-11-03,BTC,366.37,424.0,366.37,424.0,42574.78964545003
2015-11-04,BTC,423.14,434.0,368.15,499.26,50103.7060836199
2015-11-05,BTC,432.58,365.0,352.0,449.28,26935.825659900038
2015-11-06,BTC,365.0,376.22,351.0,394.99,17595.924647209984
2015-11-07,BTC,376.21,387.4,372.24,391.88,8109.332334609996
2015-11-08,BTC,387.34,363.9,360.8,389.0,8774.180156959997
2015-11-09,BTC,363.86,377.0,363.0,386.71,10681.397169630027
2015-11-10,BTC,376.9,323.06,315.27,382.23,17571.378199300016
2015-11-11,BTC,319.04,320.12,293.32,326.99,17462.85503292
2015-11-12,BTC,319.32,339.48,317.18,344.91,15838.983464349996
2015-11-13,BTC,339.47,333.91,325.0,342.08,9688.774938290002
2015-11-14,BTC,333.83,336.38,329.4,339.56,6073.929639559995
2015-11-15,BTC,336.38,320.51,319.33,336.39,6933.422387300002
2015-11-16,BTC,320.18,339.0,316.12,339.0,8064.974761929996
2015-11-17,BTC,339.0,336.53,332.36,340.72,6672.050016310018
2015-11-18,BTC,336.53,333.99,330.0,337.98,5908.992240489993
2015-11-19,BTC,333.96,314.59,311.99,335.28,7680.324891350011
2015-11-20,BTC,314.54,320.72,311.23,324.96,9270.863075090001
2015-11-21,BTC,320.71,326.78,319.64,328.0,4380.9517836400055
2015-11-22,BTC,326.69,323.23,321.0,326.95,4018.8633103699967
2015-11-23,BTC,323.2,322.17,322.0,326.0,4985.429381769998
2015-11-24,BTC,322.18,319.1,318.0,323.17,5768.886586869998
2015-11-25,BTC,319.09,331.42,316.26,333.79,8585.660732519997
2015-11-26,BTC,331.42,354.91,331.42,368.17,13755.03531609998
2015-11-27,BTC,354.92,356.61,347.96,364.14,8120.272113050008
2015-11-28,BTC,356.62,356.69,352.0,359.61,5024.630059769995
2015-11-29,BTC,356.61,377.3,354.26,378.01,6905.68669695
2015-11-30,BTC,376.81,377.39,367.5,382.8,10864.113807089987
2015-12-01,BTC,377.37,349.71,347.55,378.94,10769.43417064999
2015-12-02,BTC,347.57,360.45,347.57,363.06,7263.18815439
2015-12-03,BTC,360.45,357.85,356.52,369.99,7546.838193850006
2015-12-04,BTC,357.0,369.61,355.43,369.87,6131.519114899998
2015-12-05,BTC,369.6,395.25,368.12,397.0,9880.977305330001
2015-12-06,BTC,395.24,391.0,375.22,400.44,8946.31443704999
2015-12-07,BTC,390.73,394.0,385.0,397.21,7547.346106260006
2015-12-08,BTC,393.88,413.35,386.69,418.99,10084.232550969984
2015-12-09,BTC,413.33,416.11,401.0,421.95,12407.689126320012
2015-12-10,BTC,416.11,418.88,408.0,419.95,7063.292817029993
2015-12-11,BTC,418.97,454.71,418.49,454.77,16786.50878474997
2015-12-12,BTC,453.55,435.43,403.0,469.32,26752.35144836004
2015-12-13,BTC,435.36,437.44,419.42,443.67,7952.116346979987
2015-12-14,BTC,437.17,451.48,434.91,451.99,165886.50046395013
2015-12-15,BTC,451.49,461.25,450.5,464.95,11001.97233620001
2015-12-16,BTC,460.98,449.54,440.0,463.32,35575.14142672999
2015-12-17,BTC,449.41,453.84,446.01,456.33,6722.071940209994
2015-12-18,BTC,453.84,464.27,453.28,465.0,6545.696104390009
2015-12-19,BTC,464.04,460.74,451.58,465.6,7000.540156410002
2015-12-20,BTC,460.68,430.49,424.66,460.58,9853.891818739998
2015-12-21,BTC,429.74,439.53,429.22,444.44,6486.778721800012
2015-12-22,BTC,439.52,431.66,428.29,442.0,7398.447214490002
2015-12-23,BTC,431.68,448.02,431.68,448.4,7462.740959410012
2015-12-24,BTC,448.01,458.45,447.95,459.99,6782.314664390013
2015-12-25,BTC,458.45,456.18,450.01,458.96,3648.064997560001
2015-12-26,BTC,456.0,415.0,410.0,455.98,14377.035931149998
2015-12-27,BTC,414.65,428.99,412.4,429.44,5399.457015829996
2015-12-28,BTC,428.99,424.92,418.0,429.9,7028.541454470002
2015-12-29,BTC,424.91,434.98,419.31,434.98,6711.779624829989
2015-12-30,BTC,434.98,426.94,422.35,434.98,5290.109274870009
2015-12-31,BTC,426.9,430.78,419.04,433.73,6346.494405260007
2016-01-01,BTC,430.8,434.38,427.92,437.45,4433.516525740001
2016-01-02,BTC,434.36,433.52,432.64,436.6,3511.684337450001
2016-01-03,BTC,433.51,433.3,425.02,434.98,3912.3258692599984
2016-01-04,BTC,433.3,434.89,431.76,435.79,6350.881976359995
2016-01-05,BTC,434.78,432.65,430.0,435.62,5559.305407370004
2016-01-06,BTC,432.42,431.0,428.15,433.0,5646.418718749995
2016-01-07,BTC,430.99,460.0,430.64,464.4,15452.450605240014
2016-01-08,BTC,459.99,455.41,447.53,462.07,7165.567563300003
2016-01-09,BTC,454.56,446.66,445.29,455.25,4585.528431730001
2016-01-10,BTC,446.56,452.25,442.96,452.28,4384.884655990003
2016-01-11,BTC,452.25,446.48,445.88,452.62,5491.177921089999
2016-01-12,BTC,446.48,434.91,425.0,448.98,8304.126048469998
2016-01-13,BTC,433.84,433.6,425.23,435.92,7571.436005389997
2016-01-14,BTC,433.6,422.18,420.0,435.24,6999.735572829995
2016-01-15,BTC,421.95,370.12,357.0,424.47,33439.61921115999
2016-01-16,BTC,369.19,389.73,350.92,391.0,16465.747611000003
2016-01-17,BTC,389.7,379.92,372.0,389.87,7652.794793140009
2016-01-18,BTC,379.94,383.16,370.1,385.81,8922.478038560006
2016-01-19,BTC,383.16,375.54,369.0,385.5,9211.38793109999
2016-01-20,BTC,375.54,422.6,374.92,425.0,14034.152199070028
2016-01-21,BTC,422.59,406.47,403.21,422.64,8300.059996350003
2016-01-22,BTC,406.47,388.15,373.86,412.06,14366.554470490004
2016-01-23,BTC,388.11,390.28,382.55,395.8,6717.362712380024
2016-01-24,BTC,390.28,398.33,388.59,406.21,6111.909901330031
2016-01-25,BTC,398.33,392.69,386.41,401.66,7283.386073620004
2016-01-26,BTC,392.33,392.89,387.78,397.0,7350.07938187999
2016-01-27,BTC,392.72,393.35,392.09,397.16,6699.273038690002
2016-01-28,BTC,393.35,370.32,366.81,394.23,11046.668545430028
2016-01-29,BTC,369.99,380.57,363.25,385.0,10553.988082810003
2016-01-30,BTC,380.57,380.51,375.0,382.01,4238.048399210007
2016-01-31,BTC,380.57,367.65,365.0,382.34,6160.929648970004
2016-02-01,BTC,367.65,372.49,367.25,378.84,7706.342508260019
2016-02-02,BTC,372.49,372.18,371.3,374.3,7546.945273519987
2016-02-03,BTC,372.18,370.76,365.63,373.0,7591.9571149900075
2016-02-04,BTC,370.73,387.05,368.94,390.5,8766.279692440015
2016-02-05,BTC,386.96,379.78,374.98,389.27,8233.409826690007
2016-02-06,BTC,379.78,374.93,370.05,380.35,5789.19071979001
2016-02-07,BTC,374.89,378.8,373.24,379.78,4314.957420259999
2016-02-08,BTC,378.8,372.09,370.5,379.35,7665.544809840007
2016-02-09,BTC,371.98,373.33,370.13,374.93,9031.33471095002
2016-02-10,BTC,373.27,379.25,372.36,383.0,10249.072145010005
2016-02-11,BTC,379.22,378.15,361.1,379.38,10367.623013919985
2016-02-12,BTC,378.12,386.5,377.75,386.5,6459.22514034
2016-02-13,BTC,386.5,397.99,385.33,398.09,7090.001631970009
2016-02-14,BTC,397.78,404.73,395.5,409.01,7695.169776040003
2016-02-15,BTC,404.59,398.75,394.03,406.87,6037.847510539999
2016-02-16,BTC,398.68,406.55,390.0,407.86,6048.403739550003
2016-02-17,BTC,406.49,418.88,405.87,420.0,8916.493570369992
2016-02-18,BTC,418.86,421.63,415.01,423.2,6336.054791229986
2016-02-19,BTC,421.55,422.13,416.0,422.56,6778.259306130002
2016-02-20,BTC,422.12,440.3,421.98,444.01,9679.357239430008
2016-02-21,BTC,440.26,434.31,426.01,448.43,7112.442825119996
2016-02-22,BTC,434.22,440.08,432.36,440.9,5738.373324100002
2016-02-23,BTC,440.08,421.08,414.16,440.1,9202.523685690001
2016-02-24,BTC,421.02,425.83,410.0,426.44,7246.3273072800075
2016-02-25,BTC,425.62,421.19,418.6,425.54,6243.35570254999
2016-02-26,BTC,421.16,434.44,420.0,434.94,7396.917017420004
2016-02-27,BTC,434.35,425.89,423.0,434.63,5802.659178980002
2016-02-28,BTC,425.85,436.77,425.2,438.36,5138.129060869998
2016-02-29,BTC,436.61,436.73,433.36,442.0,7722.492189189997
2016-03-01,BTC,436.73,434.88,427.5,437.09,7663.731560099991
2016-03-02,BTC,434.87,422.19,415.82,435.04,8545.846379100001
2016-03-03,BTC,422.09,421.4,408.63,422.79,11469.504728930022
2016-03-04,BTC,421.4,400.24,396.45,422.21,10916.412853230007
2016-03-05,BTC,400.1,394.43,381.09,408.35,13870.604507619983
2016-03-06,BTC,394.12,402.99,393.0,409.26,8136.420881219991
2016-03-07,BTC,402.99,412.69,402.01,416.14,9344.466240550013
2016-03-08,BTC,412.69,411.2,407.4,415.88,7549.406381080005
2016-03-09,BTC,411.21,411.54,409.5,414.0,5903.303891909998
2016-03-10,BTC,411.55,416.87,410.71,416.88,7883.9027816700045
2016-03-11,BTC,416.86,419.3,415.05,421.3,7274.289063270006
2016-03-12,BTC,419.31,411.93,406.52,419.38,7199.522393370007
2016-03-13,BTC,411.85,414.9,411.06,416.38,4919.384005880006
2016-03-14,BTC,414.9,414.7,411.61,416.5,7045.177142770001
2016-03-15,BTC,414.51,415.84,412.48,416.5,7304.085986040008
2016-03-16,BTC,415.83,416.51,413.0,416.88,6491.661996340002
2016-03-17,BTC,416.58,416.9,416.45,419.75,6613.494018369998
2016-03-18,BTC,416.9,409.75,399.21,417.92,8580.432923209986
2016-03-19,BTC,409.8,410.62,404.72,412.78,5266.895281990002
2016-03-20,BTC,410.56,407.71,407.63,415.34,5000.589415660007
2016-03-21,BTC,407.69,414.99,406.89,415.0,6176.518135329998
2016-03-22,BTC,414.98,417.37,414.2,417.69,6046.298774930003
2016-03-23,BTC,417.36,416.07,413.95,418.97,5666.576200540001
2016-03-24,BTC,416.03,413.86,410.0,416.9,5579.643520210006
2016-03-25,BTC,413.87,417.32,412.65,417.77,4567.479417430006
2016-03-26,BTC,417.26,416.43,414.37,417.66,3665.7149662799943
2016-03-27,BTC,416.43,422.9,416.41,426.5,5304.330065059997
2016-03-28,BTC,422.88,424.19,419.63,424.62,6142.361405560006
2016-03-29,BTC,424.19,414.53,407.75,424.33,7497.405040049992
2016-03-30,BTC,414.51,415.76,407.56,416.0,5858.524516710006
2016-03-31,BTC,415.73,416.61,412.98,417.58,5256.306365510003
2016-04-01,BTC,416.48,418.68,414.12,420.5,6160.231749820002
2016-04-02,BTC,418.68,420.05,417.04,420.11,3449.8134120099962
2016-04-03,BTC,420.09,420.95,418.33,421.0,3504.2617384600017
2016-04-04,BTC,420.88,420.0,417.58,420.87,5716.888822379993
2016-04-05,BTC,420.0,422.52,419.66,423.3,5807.875125100003
2016-04-06,BTC,422.48,422.1,420.61,422.89,5587.069046840001
2016-04-07,BTC,422.03,422.01,419.41,422.74,5123.152730900008
2016-04-08,BTC,422.01,417.21,415.51,424.65,6794.937798839995
2016-04-09,BTC,417.21,420.08,416.79,420.54,3159.546820479996
2016-04-10,BTC,420.15,423.93,419.8,424.0,3292.37029998
2016-04-11,BTC,423.83,424.46,420.15,424.81,5703.835046039991
2016-04-12,BTC,424.26,429.23,423.98,429.68,7018.172213520008
2016-04-13,BTC,429.21,427.96,423.59,429.35,5919.522115710006
2016-04-14,BTC,427.65,427.45,424.52,427.92,5085.257467479987
2016-04-15,BTC,427.44,431.08,425.72,431.11,4438.682678179997
2016-04-16,BTC,431.03,434.01,429.89,434.89,4457.422714609995
2016-04-17,BTC,434.0,431.81,429.15,434.93,3547.5536890099947
2016-04-18,BTC,431.61,431.29,428.44,434.46,5597.810334809999
2016-04-19,BTC,431.26,436.81,429.22,438.2,6403.337966080004
2016-04-20,BTC,436.8,444.49,436.27,446.32,7412.625093459992
2016-04-21,BTC,444.48,448.62,441.99,453.49,8126.6996780699965
2016-04-22,BTC,448.05,448.34,445.07,451.0,6339.659378659994
2016-04-23,BTC,448.33,457.73,447.03,460.0,5459.839131890002
2016-04-24,BTC,457.68,464.48,454.55,466.23,6062.074643800003
2016-04-25,BTC,464.47,468.94,454.65,472.15,9509.65916165001
2016-04-26,BTC,468.87,468.18,464.01,472.0,7728.363791089997
2016-04-27,BTC,468.18,444.1,434.79,470.2,12633.019557260019
2016-04-28,BTC,444.09,451.38,439.21,452.97,6230.650300579998
2016-04-29,BTC,451.27,457.69,448.5,459.41,6284.325322839992
2016-04-30,BTC,457.68,453.48,450.13,457.89,4479.168471710003
2016-05-01,BTC,453.48,457.06,451.55,457.43,3391.635213560001
2016-05-02,BTC,457.02,444.13,440.02,457.63,8031.4226299699985
2016-05-03,BTC,444.1,452.46,443.61,453.23,5827.541147640009
2016-05-04,BTC,452.39,451.22,446.76,452.21,5020.559916650006
2016-05-05,BTC,451.22,450.5,447.0,451.56,5256.631308529995
2016-05-06,BTC,450.5,460.59,448.84,463.43,6480.844808450001
2016-05-07,BTC,460.68,462.74,459.55,463.99,3280.802282069992
2016-05-08,BTC,462.55,462.32,457.5,463.57,3701.8370765799996
2016-05-09,BTC,462.25,463.87,459.41,465.0,6282.17916357
2016-05-10,BTC,463.84,456.31,448.2,463.99,7243.588337910008
2016-05-11,BTC,456.3,453.77,452.5,458.65,6082.615064310004
2016-05-12,BTC,453.5,454.95,449.27,456.97,6114.864545650002
2016-05-13,BTC,454.98,459.04,453.84,459.5,5254.747602989998
2016-05-14,BTC,458.94,459.82,456.0,459.99,3354.835191130004
2016-05-15,BTC,459.82,461.08,458.49,463.62,3452.4051341899976
2016-05-16,BTC,461.07,456.18,451.48,461.54,6087.350329999999
2016-05-17,BTC,456.13,455.11,452.2,457.25,6326.842314729991
2016-05-18,BTC,455.06,456.14,454.79,457.64,5453.436182950009
2016-05-19,BTC,455.93,441.52,435.0,456.21,9379.806938760008
2016-05-20,BTC,441.51,445.61,440.0,446.19,6276.291656399999
2016-05-21,BTC,445.63,446.15,441.88,446.79,3908.8766693400094
2016-05-22,BTC,446.14,442.96,440.89,446.26,4076.6941564100034
2016-05-23,BTC,442.96,447.14,440.79,447.29,5905.040110900007
2016-05-24,BTC,447.13,448.53,440.5,448.96,6910.272794329987
2016-05-25,BTC,448.39,450.41,448.26,452.32,6430.957781489997
2016-05-26,BTC,450.18,467.18,449.0,471.85,7546.788102760003
2016-05-27,BTC,466.4,480.0,463.2,480.0,8535.467908919998
2016-05-28,BTC,480.0,519.86,472.08,538.36,12985.817616779992
2016-05-29,BTC,519.92,525.27,502.51,549.44,8666.267319169998
2016-05-30,BTC,525.09,533.5,519.0,541.0,6252.44244823
2016-05-31,BTC,532.89,529.35,520.01,544.9,8582.939171539998
2016-06-01,BTC,529.17,538.07,524.39,541.5,6032.300942220012
2016-06-02,BTC,538.08,539.18,532.02,541.0,6258.813623420005
2016-06-03,BTC,539.18,574.99,535.96,578.0,10590.402507309982
2016-06-04,BTC,574.99,579.84,564.29,594.64,6995.4616145499995
2016-06-05,BTC,579.5,580.94,570.22,581.64,4873.834202209999
2016-06-06,BTC,580.35,589.58,578.52,590.94,7204.553044109998
2016-06-07,BTC,589.5,576.7,483.78,590.68,9580.246563180015
2016-06-08,BTC,576.45,580.83,572.96,583.99,5313.645237209998
2016-06-09,BTC,580.84,577.94,574.0,582.06,5063.2256266700015
2016-06-10,BTC,577.84,585.84,573.5,586.04,5888.891254539994
2016-06-11,BTC,585.82,624.99,583.0,625.0,7567.992381599996
2016-06-12,BTC,624.01,679.82,623.55,686.12,16773.774396539982
2016-06-13,BTC,679.82,695.69,670.0,720.0,16174.02765587999
2016-06-14,BTC,695.69,682.97,650.02,695.97,11290.552092290005
2016-06-15,BTC,682.88,731.39,673.0,741.0,11668.481866449985
2016-06-16,BTC,731.32,775.65,722.3,778.49,13504.117329029992
2016-06-17,BTC,774.49,744.81,709.01,776.9,14343.578727019994
2016-06-18,BTC,745.0,754.71,740.99,785.0,8513.947695999994
2016-06-19,BTC,754.61,762.71,744.77,771.33,5669.169092220007
2016-06-20,BTC,762.51,686.18,650.0,765.0,15489.493071129991
2016-06-21,BTC,684.46,674.87,628.6,718.0,21074.35851819003
2016-06-22,BTC,674.77,583.0,544.13,678.64,19732.954685700006
2016-06-23,BTC,583.0,692.09,565.28,690.01,18778.473652670018
2016-06-24,BTC,690.01,694.83,641.0,699.96,17573.49293671
2016-06-25,BTC,694.41,668.5,650.0,697.72,6264.415963939993
2016-06-26,BTC,668.49,658.78,625.01,669.48,6580.382477050003
2016-06-27,BTC,657.5,659.34,632.79,663.53,6395.644406919997
2016-06-28,BTC,658.58,639.59,630.02,660.0,6004.354043230003
2016-06-29,BTC,639.06,638.76,632.57,642.51,6366.453935380003
2016-06-30,BTC,638.53,682.19,635.14,682.19,7993.342898300006
2016-07-01,BTC,681.79,681.55,669.05,688.7,6298.394678480006
2016-07-02,BTC,681.73,687.58,678.03,705.24,5763.462543889998
2016-07-03,BTC,687.49,670.05,651.0,696.91,6216.795165819996
2016-07-04,BTC,669.4,680.27,668.01,683.61,4210.331677459991
2016-07-05,BTC,680.29,675.8,662.51,680.73,5578.457600800006
2016-07-06,BTC,675.8,678.6,665.69,683.35,5629.02821139
2016-07-07,BTC,678.39,648.38,611.94,678.3,12954.230968439984
2016-07-08,BTC,647.55,658.2,638.04,667.33,12874.372199180014
2016-07-09,BTC,658.14,652.14,608.0,664.47,10533.34044853002
2016-07-10,BTC,652.13,660.44,641.0,663.46,5807.5838544100025
2016-07-11,BTC,659.65,651.67,648.11,661.99,7756.434079800005
2016-07-12,BTC,651.51,668.14,648.6,675.39,11620.973841890001
2016-07-13,BTC,667.99,656.5,651.0,671.45,22269.32093658006
2016-07-14,BTC,656.15,663.22,640.0,663.99,4471.086805429999
2016-07-15,BTC,663.14,669.71,661.0,669.99,4762.673423729998
2016-07-16,BTC,669.7,668.51,662.01,669.88,2898.6227469400014
2016-07-17,BTC,668.44,684.83,668.11,684.84,4126.19191702
2016-07-18,BTC,684.82,676.27,670.0,684.94,4472.138081160003
2016-07-19,BTC,676.2,674.96,666.17,676.52,3836.753232939996
2016-07-20,BTC,674.86,662.51,661.19,674.98,3788.881925280004
2016-07-21,BTC,662.51,669.24,662.07,669.32,4242.36869098
2016-07-22,BTC,669.3,660.89,647.59,669.94,7697.923839280001
2016-07-23,BTC,660.66,656.37,655.01,662.35,3797.0325128999984
2016-07-24,BTC,656.47,661.87,655.26,666.37,3752.6969358399997
2016-07-25,BTC,661.85,658.15,653.77,664.13,4595.528990640003
2016-07-26,BTC,658.03,653.12,645.0,658.99,6650.452885970013
2016-07-27,BTC,653.35,656.78,646.56,658.99,4926.045621949992
2016-07-28,BTC,656.78,657.48,654.1,659.96,3960.237622160001
2016-07-29,BTC,657.47,658.71,651.0,659.0,4214.8450937700045
2016-07-30,BTC,658.69,639.98,639.01,658.98,3655.0299083000004
2016-07-31,BTC,639.64,616.72,615.02,645.73,6798.183688890004
2016-08-01,BTC,616.78,609.4,599.0,628.52,7900.091783709997
2016-08-02,BTC,609.4,548.25,483.0,609.99,21655.067212110007
2016-08-03,BTC,548.25,599.01,519.3,599.95,14185.985072680009
2016-08-04,BTC,599.01,585.56,562.11,599.35,8831.72362809999
2016-08-05,BTC,585.6,583.0,570.39,589.0,5461.251781959995
2016-08-06,BTC,583.0,594.29,574.5,595.1,3984.420828350004
2016-08-07,BTC,593.79,594.31,587.2,598.65,3128.288911229998
2016-08-08,BTC,594.16,592.9,589.8,595.99,4306.671463000001
2016-08-09,BTC,592.71,589.98,585.38,592.97,4607.128589180002
2016-08-10,BTC,589.97,598.1,583.29,600.98,9496.727985250007
2016-08-11,BTC,598.1,586.31,585.6,598.1,5120.782150199997
2016-08-12,BTC,586.22,587.74,583.62,589.1,3764.2671804099964
2016-08-13,BTC,587.36,585.77,585.02,589.5,2787.4907281500014
2016-08-14,BTC,585.76,571.71,565.19,585.71,4442.287393759999
2016-08-15,BTC,571.65,569.33,561.56,574.04,4593.9768598400005
2016-08-16,BTC,569.33,580.98,566.09,581.99,4555.169166300002
2016-08-17,BTC,580.99,574.43,569.67,581.21,4661.168248250003
2016-08-18,BTC,574.32,574.95,573.0,576.87,3840.176318099998
2016-08-19,BTC,574.95,574.55,572.68,576.99,3984.192895170002
2016-08-20,BTC,574.55,582.91,572.38,583.9,3697.206367799997
2016-08-21,BTC,582.85,581.17,579.34,583.99,2473.010837750002
2016-08-22,BTC,581.16,584.71,579.22,586.3,4716.671839509998
2016-08-23,BTC,584.66,581.2,577.47,586.77,4999.891079679999
2016-08-24,BTC,581.12,577.24,575.2,581.44,4024.4961186800074
2016-08-25,BTC,577.06,575.63,573.12,577.56,3971.2537279499948
2016-08-26,BTC,575.58,577.4,574.85,579.61,3593.2856751600057
2016-08-27,BTC,577.37,570.73,568.95,577.48,2982.6626627500054
2016-08-28,BTC,570.75,575.64,570.22,575.99,2908.7623991799987
2016-08-29,BTC,575.67,573.33,571.24,577.38,4693.778714470004
2016-08-30,BTC,572.96,573.38,572.02,576.79,4103.712179500003
2016-08-31,BTC,573.22,573.3,569.21,573.82,4445.40675228
2016-09-01,BTC,573.29,571.45,568.12,573.31,5145.557119730001
2016-09-02,BTC,571.56,575.99,570.0,577.48,4845.337060550002
2016-09-03,BTC,576.0,598.5,574.85,600.99,4715.968909640002
2016-09-04,BTC,598.5,609.85,597.52,617.13,4438.070456500006
2016-09-05,BTC,609.85,606.54,601.63,609.99,3241.3723951799957
2016-09-06,BTC,606.54,613.94,605.9,613.99,4383.36821393
2016-09-07,BTC,613.64,615.79,609.21,617.0,4508.827209400007
2016-09-08,BTC,615.84,627.72,613.43,631.3,5293.209414060011
2016-09-09,BTC,627.74,621.9,618.25,627.79,4496.852648800004
2016-09-10,BTC,621.75,623.65,621.05,626.52,2735.6996188899966
2016-09-11,BTC,623.55,609.0,591.8,630.06,4373.579625909995
2016-09-12,BTC,608.99,608.98,603.0,609.0,4159.762504989998
2016-09-13,BTC,608.9,609.05,605.16,609.96,3797.6122924400006
2016-09-14,BTC,609.05,608.55,607.81,611.98,3739.879848220005
2016-09-15,BTC,608.37,607.08,603.33,609.48,4026.0798666499977
2016-09-16,BTC,607.1,607.32,603.15,608.86,4355.6889015900015
2016-09-17,BTC,607.33,607.72,604.0,608.99,2863.5882747800015
2016-09-18,BTC,607.71,611.82,607.22,611.99,3063.3129098700024
2016-09-19,BTC,611.82,608.82,607.4,612.46,3258.688886429998
2016-09-20,BTC,608.8,600.75,592.63,609.9,5264.476137820001
2016-09-21,BTC,600.72,597.95,593.54,600.75,4321.135620390002
2016-09-22,BTC,597.96,597.4,594.78,598.41,4044.5809127800035
2016-09-23,BTC,597.4,603.36,596.51,603.42,3603.506242240001
2016-09-24,BTC,603.34,603.49,601.08,605.82,2672.043098629993
2016-09-25,BTC,603.49,601.31,599.42,603.97,2739.8153393700018
2016-09-26,BTC,601.32,605.58,601.04,607.98,4747.208199849994
2016-09-27,BTC,605.34,605.39,601.38,606.99,4207.243622829989
2016-09-28,BTC,605.39,604.98,603.18,605.76,3754.33034753
2016-09-29,BTC,604.98,606.82,603.56,606.88,4262.622238329998
2016-09-30,BTC,606.81,611.62,605.0,613.56,4987.7517953700035
2016-10-01,BTC,611.63,615.81,611.08,617.19,3165.78291481
2016-10-02,BTC,615.82,614.33,608.66,615.84,3303.533151720004
2016-10-03,BTC,614.29,612.88,610.7,615.24,4355.411097719994
2016-10-04,BTC,612.88,610.2,606.93,612.93,5119.031126629997
2016-10-05,BTC,610.21,612.86,609.22,614.21,4372.957845120004
2016-10-06,BTC,612.91,611.98,610.3,613.39,3901.2523832000047
2016-10-07,BTC,611.98,618.64,609.89,618.7,5113.633357429994
2016-10-08,BTC,618.61,618.84,617.55,620.0,2704.530967090001
2016-10-09,BTC,618.83,617.99,617.0,618.98,2476.5014263099997
2016-10-10,BTC,617.99,618.55,615.46,619.2,4069.736081960004
2016-10-11,BTC,618.52,641.1,618.17,645.51,6446.701035669999
2016-10-12,BTC,641.12,638.37,631.91,642.19,4468.408148650005
2016-10-13,BTC,638.2,638.0,632.0,639.85,3755.866694219999
2016-10-14,BTC,638.0,638.47,624.08,639.99,4582.815514580014
2016-10-15,BTC,638.47,639.99,636.0,640.0,2533.351563610004
2016-10-16,BTC,639.99,642.48,639.67,643.9,2618.1045773399983
2016-10-17,BTC,642.49,638.88,636.27,642.5,4169.303553809997
2016-10-18,BTC,638.86,636.24,632.15,640.0,4064.035678590004
2016-10-19,BTC,636.25,628.79,625.6,636.99,4571.514816049997
2016-10-20,BTC,628.79,628.68,626.01,629.99,4335.118241649999
2016-10-21,BTC,628.64,629.64,627.8,633.41,4048.199339899999
2016-10-22,BTC,629.64,655.29,629.32,657.99,4679.402474150003
2016-10-23,BTC,655.1,648.92,645.33,655.39,3239.7423987900006
2016-10-24,BTC,648.92,652.98,645.81,652.99,3825.5163566899973
2016-10-25,BTC,652.98,657.5,649.0,657.5,4757.595608209999
2016-10-26,BTC,657.5,686.52,654.0,686.35,6370.8498749499995
2016-10-27,BTC,686.5,687.03,678.0,692.01,6402.162610540009
2016-10-28,BTC,687.03,698.74,683.2,698.74,4520.603484329993
2016-10-29,BTC,698.72,692.72,692.04,725.64,6856.275276230001
2016-10-30,BTC,692.7,687.79,681.01,714.98,4047.3915612
2016-10-31,BTC,687.79,705.49,687.78,709.68,4291.318164350003
2016-11-01,BTC,704.95,725.05,704.4,737.5,6826.520887400001
2016-11-02,BTC,725.03,743.88,720.0,745.87,5403.067476899993
2016-11-03,BTC,743.51,704.4,672.06,746.0,10393.57773604999
2016-11-04,BTC,704.39,703.61,688.85,708.33,4808.574069410001
2016-11-05,BTC,703.72,707.85,697.72,707.99,2983.1934551600025
2016-11-06,BTC,707.84,708.31,705.06,719.83,3306.373629780003
2016-11-07,BTC,708.45,707.81,701.35,711.42,4009.6332913300002
2016-11-08,BTC,707.59,710.85,704.16,716.45,4441.869309389994
2016-11-09,BTC,710.85,721.65,710.69,746.67,12198.72833432001
2016-11-10,BTC,721.58,716.16,705.84,721.86,4497.890559750002
2016-11-11,BTC,716.16,716.89,712.5,717.98,3091.4696544600024
2016-11-12,BTC,716.79,695.95,693.39,716.98,3775.7647490599998
2016-11-13,BTC,695.95,704.31,685.7,705.94,3647.9977658000025
2016-11-14,BTC,704.31,708.71,671.23,708.89,5707.692476960003
2016-11-15,BTC,708.72,712.76,706.54,716.0,4006.162618909998
2016-11-16,BTC,711.92,739.25,710.0,743.42,6403.630501339992
2016-11-17,BTC,739.4,735.41,728.89,750.01,4123.095347189994
2016-11-18,BTC,735.39,746.92,733.48,751.0,4808.221086290004
2016-11-19,BTC,746.83,752.37,738.0,753.81,2791.5809259599982
2016-11-20,BTC,752.41,732.55,715.0,753.0,4398.4006016200065
2016-11-21,BTC,732.47,732.86,730.0,738.47,3130.9438654500027
2016-11-22,BTC,732.74,746.82,726.38,748.62,4234.234843289998
2016-11-23,BTC,746.78,743.98,734.0,747.11,3605.0076437699986
2016-11-24,BTC,743.98,735.87,727.0,743.98,3623.4561594499987
2016-11-25,BTC,735.87,737.39,729.0,739.99,3126.6854906799963
2016-11-26,BTC,737.21,731.87,726.0,739.93,2628.8394277599973
2016-11-27,BTC,731.84,733.43,728.01,737.88,2811.2173713199963
2016-11-28,BTC,733.42,731.97,729.0,735.86,3945.792497810002
2016-11-29,BTC,731.97,733.51,728.2,734.68,3841.582932409998
2016-11-30,BTC,733.25,742.4,729.17,745.0,3943.255856799998
2016-12-01,BTC,742.35,762.5,741.59,762.89,4716.95635057
2016-12-02,BTC,762.0,769.19,760.93,780.0,5831.453886700012
2016-12-03,BTC,769.19,766.13,759.0,771.1,2885.7058611199936
2016-12-04,BTC,766.13,764.92,762.83,769.76,2871.546558739997
2016-12-05,BTC,764.77,756.83,748.6,764.32,4948.932130910003
2016-12-06,BTC,756.9,760.89,753.79,761.46,4482.817497199995
2016-12-07,BTC,760.8,762.39,750.26,768.9,4634.210416679997
2016-12-08,BTC,762.26,769.5,761.71,772.81,4777.796301549997
2016-12-09,BTC,769.5,774.89,765.97,774.9,4071.1999835500033
2016-12-10,BTC,774.89,770.77,766.02,776.98,3633.010510409995
2016-12-11,BTC,770.77,771.64,765.0,771.87,2720.741211
2016-12-12,BTC,771.65,786.59,771.64,786.59,4710.292022460003
2016-12-13,BTC,786.51,774.73,772.76,790.34,5328.1301958799995
2016-12-14,BTC,774.72,777.75,773.2,781.79,4518.709690929998
2016-12-15,BTC,777.74,777.49,775.0,780.0,5908.08969607
2016-12-16,BTC,777.48,787.68,774.8,788.0,6154.632152830006
2016-12-17,BTC,787.68,791.32,786.08,791.97,3881.703697510001
2016-12-18,BTC,791.29,793.93,787.19,793.93,2918.809565560002
2016-12-19,BTC,793.93,791.37,789.0,794.99,5568.178126590004
2016-12-20,BTC,791.17,803.04,788.58,803.15,6362.0172746600065
2016-12-21,BTC,802.89,836.66,801.55,838.92,8426.595512309988
2016-12-22,BTC,836.6,887.96,835.98,888.99,9170.058118229997
2016-12-23,BTC,887.2,915.5,874.23,918.19,12304.25966121999
2016-12-24,BTC,915.48,888.42,880.1,915.57,6033.866761460007
2016-12-25,BTC,888.17,905.24,851.11,908.22,5519.548166640009
2016-12-26,BTC,905.24,901.39,890.0,905.49,3142.9333406699975
2016-12-27,BTC,901.31,937.83,895.0,941.74,7199.670247380006
2016-12-28,BTC,936.21,985.78,923.95,988.51,9964.03603455
2016-12-29,BTC,985.78,968.17,950.5,986.6,8577.410829260009
2016-12-30,BTC,967.27,953.23,930.3,969.61,8048.866795869996
2016-12-31,BTC,953.23,971.04,949.0,973.39,3589.7598699200116
2017-01-01,BTC,970.49,997.71,964.37,1000.0,4603.762998060007
2017-01-02,BTC,997.7,1019.01,991.69,1034.0,7826.869706879996
2017-01-03,BTC,1019.05,1038.99,1006.71,1040.0,9121.620189740006
2017-01-04,BTC,1038.99,1124.61,1038.99,1147.0,17206.228048310015
2017-01-05,BTC,1121.21,1023.14,880.0,1172.0,19361.18455597999
2017-01-06,BTC,1020.72,879.12,875.01,1019.3,14427.557899049982
2017-01-07,BTC,878.0,905.99,802.07,910.0,10831.695972079999
2017-01-08,BTC,905.99,891.14,887.8,953.8,5863.357259939999
2017-01-09,BTC,891.1,910.52,886.42,913.99,5750.887374970011
2017-01-10,BTC,910.32,911.99,899.01,915.1,7820.321216160004
2017-01-11,BTC,911.45,786.94,763.48,923.98,20825.890819459994
2017-01-12,BTC,786.68,815.35,734.64,839.35,12581.068032290004
2017-01-13,BTC,815.35,845.53,782.85,845.84,12758.470390309993
2017-01-14,BTC,845.53,828.78,822.34,847.52,5963.863383610011
2017-01-15,BTC,828.79,835.0,819.0,835.0,4853.393456620015
2017-01-16,BTC,835.0,833.95,826.03,840.0,4731.556832810025
2017-01-17,BTC,833.95,893.21,832.51,916.7,8973.527218330002
2017-01-18,BTC,892.0,894.48,850.0,908.69,7802.712330750015
2017-01-19,BTC,894.49,899.91,883.08,907.0,6578.7100142500185
2017-01-20,BTC,899.91,895.56,890.0,903.89,4128.682585310007
2017-01-21,BTC,895.52,936.19,895.49,937.0,5334.161672140009
2017-01-22,BTC,935.56,923.25,902.0,946.25,5271.9184766700055
2017-01-23,BTC,922.54,905.52,890.01,929.14,5160.913127130002
2017-01-24,BTC,905.52,899.99,880.0,923.0,6089.998107649998
2017-01-25,BTC,899.98,902.99,890.5,903.98,4914.058725240002
2017-01-26,BTC,902.76,919.99,897.29,921.95,4760.248268999994
2017-01-27,BTC,919.99,923.96,911.0,924.47,4010.106915750013
2017-01-28,BTC,923.96,925.48,921.81,925.5,2856.7285040400006
2017-01-29,BTC,925.47,915.5,914.69,927.47,3005.8450947700035
2017-01-30,BTC,915.5,923.97,915.5,923.97,3818.902772990003
2017-01-31,BTC,923.94,979.22,923.33,979.24,7528.649581050014
2017-02-01,BTC,979.21,993.99,963.84,996.99,5810.555914460004
2017-02-02,BTC,993.99,1014.73,978.74,1014.72,6307.253247429992
2017-02-03,BTC,1014.71,1019.11,994.34,1024.5,6766.679066040009
2017-02-04,BTC,1019.06,1035.26,1001.8,1040.0,5114.851858460001
2017-02-05,BTC,1035.26,1019.2,1003.02,1035.66,4854.208716939998
2017-02-06,BTC,1019.09,1025.67,1014.64,1027.7,4744.596144860003
2017-02-07,BTC,1025.66,1060.0,1025.31,1063.97,6205.795433809997
2017-02-08,BTC,1060.0,1062.0,1016.49,1069.95,7163.225771900003
2017-02-09,BTC,1061.99,981.87,925.0,1079.0,17621.18973095001
2017-02-10,BTC,980.85,1003.5,961.0,1008.0,8341.127275810004
2017-02-11,BTC,1003.14,1014.98,995.49,1023.88,4404.098892979992
2017-02-12,BTC,1014.98,1013.68,1008.0,1014.98,1518.0224213399947
2017-02-13,BTC,1013.68,1000.0,985.68,1021.32,5633.108959210003
2017-02-14,BTC,1000.0,1014.0,992.27,1018.97,6168.461081779994
2017-02-15,BTC,1013.83,1015.99,1007.66,1016.0,5153.037105090009
2017-02-16,BTC,1015.99,1044.88,1015.93,1044.88,6587.028496200004
2017-02-17,BTC,1044.87,1060.34,1036.29,1064.11,6664.873838589994
2017-02-18,BTC,1060.34,1058.81,1055.1,1073.8,4263.034990160001
2017-02-19,BTC,1058.68,1055.45,1051.26,1067.78,2924.872489190001
2017-02-20,BTC,1055.41,1086.83,1051.36,1093.9,4980.893153950005
2017-02-21,BTC,1086.83,1122.97,1086.5,1132.46,7671.063645009996
2017-02-22,BTC,1122.4,1138.54,1104.9,1139.99,6135.246663760006
2017-02-23,BTC,1138.51,1193.99,1128.22,1197.0,8245.191482130003
2017-02-24,BTC,1193.98,1189.0,1103.32,1220.0,12464.581107159987
2017-02-25,BTC,1188.97,1141.66,1110.0,1189.49,6716.597689249994
2017-02-26,BTC,1141.02,1191.23,1138.09,1195.45,4122.788654950002
2017-02-27,BTC,1191.23,1210.0,1176.0,1214.0,7489.181756410005
2017-02-28,BTC,1210.04,1198.28,1085.71,1214.93,12707.330236340134
2017-03-01,BTC,1197.45,1233.0,1191.01,1234.0,9421.41332609001
2017-03-02,BTC,1233.0,1275.65,1220.0,1298.61,9291.358134810018
2017-03-03,BTC,1275.64,1292.0,1255.61,1294.99,8715.44039536999
2017-03-04,BTC,1291.92,1270.97,1226.41,1294.48,6579.16484254
2017-03-05,BTC,1270.95,1282.22,1247.11,1285.0,3960.0122612100017
2017-03-06,BTC,1282.21,1285.38,1268.78,1288.0,5307.205430579998
2017-03-07,BTC,1285.28,1238.36,1050.0,1287.96,11067.284464480002
2017-03-08,BTC,1237.79,1159.0,1128.0,1238.48,13717.685802780003
2017-03-09,BTC,1158.99,1207.48,1149.74,1214.33,8254.92582720001
2017-03-10,BTC,1207.44,1139.0,956.85,1350.0,27947.144619409995
2017-03-11,BTC,1139.0,1184.95,1139.0,1219.0,8360.606170969993
2017-03-12,BTC,1184.61,1231.55,1180.84,1243.81,6420.774680619998
2017-03-13,BTC,1231.54,1249.87,1206.0,1250.0,9507.246192310013
2017-03-14,BTC,1249.38,1251.17,1213.55,1260.99,7213.237406130016
2017-03-15,BTC,1251.16,1261.37,1240.0,1277.26,9126.007493899997
2017-03-16,BTC,1261.26,1142.29,1117.77,1261.99,15662.832837179976
2017-03-17,BTC,1140.73,1059.24,1057.01,1170.0,19863.09120067001
2017-03-18,BTC,1058.46,1010.1,919.44,1092.09,25019.65777400002
2017-03-19,BTC,1010.1,1034.95,961.59,1061.68,11910.763734980002
2017-03-20,BTC,1033.88,1053.02,1011.02,1054.69,9107.949057629994
2017-03-21,BTC,1051.79,1083.19,1049.47,1120.0,13802.63567208999
2017-03-22,BTC,1083.19,1030.77,985.17,1098.84,12890.38921729
2017-03-23,BTC,1030.77,1016.99,1013.0,1054.63,7940.308223539997
2017-03-24,BTC,1016.99,934.63,912.76,1019.0,20899.856266380008
2017-03-25,BTC,934.4,967.48,890.05,973.16,14947.503647059975
2017-03-26,BTC,967.21,978.97,943.9,1005.0,9628.10394368001
2017-03-27,BTC,975.41,1038.96,965.3,1045.29,10319.08381858001
2017-03-28,BTC,1038.65,1019.11,1016.25,1066.93,9345.999777580015
2017-03-29,BTC,1018.02,1046.7,1005.77,1058.16,8800.512440859997
2017-03-30,BTC,1046.69,1055.0,1022.0,1055.0,8037.260421309999
2017-03-31,BTC,1055.0,1085.57,1045.0,1096.88,10685.371589709996
2017-04-01,BTC,1085.19,1087.72,1071.45,1110.95,6453.2764750900005
2017-04-02,BTC,1087.56,1143.09,1080.0,1152.0,10648.54312470999
2017-04-03,BTC,1141.53,1149.9,1124.0,1167.38,10797.934209069997
2017-04-04,BTC,1149.82,1138.41,1124.98,1164.0,8441.16011383001
2017-04-05,BTC,1138.41,1149.17,1114.9,1149.49,9677.769049130004
2017-04-06,BTC,1149.22,1192.71,1147.38,1206.29,10188.92592084002
2017-04-07,BTC,1192.7,1191.24,1175.26,1202.92,7212.938202489992
2017-04-08,BTC,1191.24,1185.49,1170.0,1197.97,3909.3303194000023
2017-04-09,BTC,1185.3,1216.96,1175.8,1220.98,6194.355069119998
2017-04-10,BTC,1216.95,1209.71,1201.0,1218.18,5424.136033750007
2017-04-11,BTC,1209.49,1226.74,1200.0,1233.93,5535.231876209996
2017-04-12,BTC,1226.67,1218.41,1209.61,1227.44,6637.297021519993
2017-04-13,BTC,1218.44,1182.29,1148.98,1218.49,9577.317677010002
2017-04-14,BTC,1182.5,1175.0,1169.91,1196.53,5738.815346120014
2017-04-15,BTC,1174.98,1183.96,0.06,1190.99,3612.4661241500025
2017-04-16,BTC,1183.96,1176.72,1171.7,1189.93,3188.001573790001
2017-04-17,BTC,1176.29,1195.0,1170.85,1197.07,6884.667782790007
2017-04-18,BTC,1195.0,1205.78,1192.02,1206.6,6176.943880140002
2017-04-19,BTC,1205.54,1215.87,1191.09,1220.0,6697.197024730009
2017-04-20,BTC,1215.88,1246.63,1215.15,1246.63,7427.519930220004
2017-04-21,BTC,1246.62,1249.86,1240.76,1258.63,6310.12372623
2017-04-22,BTC,1249.72,1244.78,1221.51,1252.5,6420.304910350001
2017-04-23,BTC,1244.76,1251.37,1236.2,1254.0,5050.935049300007
2017-04-24,BTC,1251.09,1262.78,1247.0,1262.81,5848.032062920006
2017-04-25,BTC,1262.21,1280.77,1260.99,1287.0,8153.475325119993
2017-04-26,BTC,1280.89,1302.98,1279.51,1320.0,9698.842259930007
2017-04-27,BTC,1302.84,1377.99,1301.85,1380.0,11716.821392829987
2017-04-28,BTC,1375.99,1351.7,1300.2,1377.44,14305.908823060017
2017-04-29,BTC,1351.91,1360.82,1335.64,1369.5,8417.395075949995
2017-04-30,BTC,1360.81,1399.99,1334.02,1399.99,11810.143366459999
2017-05-01,BTC,1399.53,1447.0,1391.16,1465.09,16049.763729120028
2017-05-02,BTC,1446.87,1468.27,1437.5,1492.93,12332.473261970006
2017-05-03,BTC,1468.23,1531.74,1453.68,1546.0,17499.14261938001
2017-05-04,BTC,1532.09,1593.05,1482.06,1665.0,26407.468523789954
2017-05-05,BTC,1593.04,1577.48,1535.11,1630.0,15848.472262240006
2017-05-06,BTC,1577.4,1599.0,1560.0,1600.0,9962.550578589995
2017-05-07,BTC,1598.64,1618.21,1563.87,1629.01,12426.941312500016
2017-05-08,BTC,1617.37,1712.99,1613.13,1713.0,16995.215406010015
2017-05-09,BTC,1712.94,1740.99,1630.0,1794.69,17991.259244480018
2017-05-10,BTC,1741.0,1789.0,1691.3,1799.96,13299.698957659997
2017-05-11,BTC,1788.85,1819.97,1783.46,1889.0,15578.612438700004
2017-05-12,BTC,1819.7,1639.31,1610.0,1825.0,18906.836719429983
2017-05-13,BTC,1637.02,1783.54,1634.01,1814.53,10947.11357049
2017-05-14,BTC,1784.0,1788.3,1763.33,1829.0,5551.821369540001
2017-05-15,BTC,1785.99,1728.7,1702.42,1796.94,10878.060413039993
2017-05-16,BTC,1728.56,1777.95,1690.14,1785.91,12887.987687650008
2017-05-17,BTC,1777.94,1812.85,1777.93,1840.0,12331.435993339994
2017-05-18,BTC,1812.95,1900.44,1800.23,1919.8,13449.102998790004
2017-05-19,BTC,1900.44,1989.95,1900.39,1989.98,17070.187428460013
2017-05-20,BTC,1989.65,2056.89,1970.05,2059.0,13408.851414540004
2017-05-21,BTC,2056.61,2085.89,1988.6,2101.79,18899.466822940016
2017-05-22,BTC,2085.81,2159.11,1975.0,2298.0,28959.773063400015
2017-05-23,BTC,2159.11,2319.84,2141.55,2325.95,18397.764941570025
2017-05-24,BTC,2319.28,2550.0,2266.51,2550.0,24351.82751222
2017-05-25,BTC,2550.0,2484.57,2226.86,2805.99,37153.92293557001
2017-05-26,BTC,2483.25,2225.33,2052.01,2679.01,31664.178108100004
2017-05-27,BTC,2222.19,2188.11,1913.19,2267.92,32730.011928450003
2017-05-28,BTC,2188.11,2157.26,2129.46,2340.39,17175.79196809002
2017-05-29,BTC,2155.98,2296.38,2141.12,2353.99,17471.803193050033
2017-05-30,BTC,2293.98,2240.0,2112.31,2336.56,22181.060219970048
2017-05-31,BTC,2239.98,2362.11,2173.8,2387.31,21790.40003390006
2017-06-01,BTC,2359.9,2425.54,2318.0,2487.55,19417.763551879994
2017-06-02,BTC,2425.54,2490.01,2379.44,2494.98,12536.97152068001
2017-06-03,BTC,2489.97,2508.09,2448.0,2599.0,15618.184137379996
2017-06-04,BTC,2507.27,2567.1,2469.98,2569.68,12434.88870498002
2017-06-05,BTC,2567.1,2848.28,2560.0,2848.28,17386.39004828001
2017-06-06,BTC,2848.28,2874.57,2674.69,2938.52,24927.468507989965
2017-06-07,BTC,2874.17,2731.08,2598.7,2880.0,20283.691783059978
2017-06-08,BTC,2731.07,2833.49,2705.73,2844.2,11908.25991010001
2017-06-09,BTC,2833.44,2836.34,2786.2,2859.99,11269.461295259993
2017-06-10,BTC,2835.17,2930.0,2801.25,2940.0,20475.664089650003
2017-06-11,BTC,2930.0,2969.01,2881.0,2999.98,15849.734212920022
2017-06-12,BTC,2969.0,2673.78,2463.89,2995.98,40391.52440246003
2017-06-13,BTC,2673.71,2784.29,2653.16,2796.71,17568.878496530015
2017-06-14,BTC,2784.01,2491.67,2330.0,2824.56,30871.731745990015
2017-06-15,BTC,2487.72,2349.53,2050.0,2488.2,41050.91890460993
2017-06-16,BTC,2349.53,2444.99,2333.98,2520.25,20751.65493843998
2017-06-17,BTC,2444.82,2661.82,2435.39,2679.24,17192.386165470027
2017-06-18,BTC,2660.79,2550.0,2455.01,2669.04,13907.495108279998
2017-06-19,BTC,2550.0,2599.79,2481.92,2622.32,14532.93716632001
2017-06-20,BTC,2599.79,2705.9,2585.42,2775.0,18824.930492060023
2017-06-21,BTC,2705.89,2629.83,2559.51,2781.59,17520.56994367999
2017-06-22,BTC,2629.8,2719.46,2598.0,2740.8,12040.266613330003
2017-06-23,BTC,2718.95,2706.32,2665.0,2727.45,8971.691763209996
2017-06-24,BTC,2706.32,2548.76,2503.05,2718.15,14160.975660709984
2017-06-25,BTC,2548.72,2545.32,2430.05,2624.89,14065.881312659974
2017-06-26,BTC,2545.31,2468.68,2258.34,2562.46,20973.69074353998
2017-06-27,BTC,2468.71,2480.0,2264.0,2575.75,21864.924358039963
2017-06-28,BTC,2477.04,2555.73,2468.37,2604.99,15286.669882650001
2017-06-29,BTC,2552.27,2520.09,2506.1,2591.79,9054.264550920016
2017-06-30,BTC,2517.38,2438.45,2428.03,2549.58,11832.76189975999
2017-07-01,BTC,2438.34,2409.3,2385.0,2512.87,8586.581413130016
2017-07-02,BTC,2407.78,2491.4,2397.63,2537.04,9136.240514590007
2017-07-03,BTC,2491.39,2607.1,2479.75,2609.57,10045.53634029999
2017-07-04,BTC,2607.1,2581.56,2560.0,2636.04,10958.368997970007
2017-07-05,BTC,2580.85,2610.0,2551.06,2630.24,9535.648668039998
2017-07-06,BTC,2609.99,2591.1,2580.69,2617.0,8711.585744380003
2017-07-07,BTC,2591.09,2486.0,2471.22,2599.41,11551.694807399987
2017-07-08,BTC,2483.26,2564.66,2478.22,2572.02,7307.555386330001
2017-07-09,BTC,2564.66,2514.86,2495.5,2579.23,5750.038700470008
2017-07-10,BTC,2513.8,2362.27,2250.0,2520.99,17756.61241088999
2017-07-11,BTC,2361.5,2259.0,2250.0,2409.93,14903.906143780001
2017-07-12,BTC,2255.49,2404.99,2254.0,2413.57,12766.715961639964
2017-07-13,BTC,2404.99,2301.83,2301.0,2416.79,9863.003436100007
2017-07-14,BTC,2301.98,2138.7,2135.0,2345.28,13974.953884080014
2017-07-15,BTC,2136.68,2018.46,1933.96,2162.31,17600.201819259986
2017-07-16,BTC,2018.46,1947.41,1758.2,2043.92,21233.624054359978
2017-07-17,BTC,1947.4,2194.99,1921.22,2235.19,21708.59038696002
2017-07-18,BTC,2194.98,2287.51,2134.37,2392.04,24594.418336570074
2017-07-19,BTC,2279.99,2331.09,2216.0,2396.0,18712.365078229985
2017-07-20,BTC,2328.61,2720.15,2302.05,2953.48,42067.48865608989
2017-07-21,BTC,2719.28,2732.82,2608.27,2797.99,16812.46912131999
2017-07-22,BTC,2732.6,2808.12,2698.01,2869.63,12220.033155219995
2017-07-23,BTC,2808.12,2776.0,2691.0,2834.5,9500.840113349996
2017-07-24,BTC,2775.75,2755.9,2726.8,2799.19,8601.88055022999
2017-07-25,BTC,2755.87,2513.2,2449.69,2773.96,20196.13502908998
2017-07-26,BTC,2511.2,2536.14,2403.0,2554.37,11732.639549749996
2017-07-27,BTC,2536.13,2679.2,2520.0,2733.0,11541.742448450013
2017-07-28,BTC,2677.89,2729.03,2655.55,2825.11,16124.861465810021
2017-07-29,BTC,2729.02,2700.8,2656.0,2757.18,9667.267892450009
2017-07-30,BTC,2700.59,2716.94,2500.0,2739.14,9103.688354420012
2017-07-31,BTC,2715.21,2849.0,2710.0,2898.42,11040.452817149999
2017-08-01,BTC,2849.0,2742.27,2676.01,2925.0,10073.841814740004
2017-08-02,BTC,2742.27,2712.21,2650.0,2756.19,7820.878603629996
2017-08-03,BTC,2712.2,2775.01,2708.4,2799.0,7640.140141369998
2017-08-04,BTC,2775.0,2945.22,2760.0,2945.22,8493.012344419998
2017-08-05,BTC,2945.21,3203.36,2945.01,3335.0,21337.124154180005
2017-08-06,BTC,3203.31,3218.52,3150.0,3278.41,8022.7450786000045
2017-08-07,BTC,3218.52,3419.99,3214.37,3420.0,12163.17393358999
2017-08-08,BTC,3419.99,3400.91,3349.91,3484.48,16555.54612803998
2017-08-09,BTC,3400.91,3335.7,3232.62,3409.98,11730.974695490002
2017-08-10,BTC,3335.69,3447.88,3317.0,3448.18,9674.083437090003
2017-08-11,BTC,3447.76,3651.44,3440.01,3723.71,16350.663369440002
2017-08-12,BTC,3643.78,4086.61,3643.77,4086.01,23016.522403100018
2017-08-13,BTC,4084.01,4079.26,3850.0,4199.47,18973.93742077002
2017-08-14,BTC,4077.07,4407.96,3985.01,4420.0,22049.53130862
2017-08-15,BTC,4407.96,4040.0,3807.14,4434.42,30857.285807210035
2017-08-16,BTC,4040.0,4335.46,3928.82,4392.81,17589.745997070004
2017-08-17,BTC,4333.01,4271.8,4180.0,4469.0,19982.80121065999
2017-08-18,BTC,4271.8,4175.67,3960.47,4350.0,20585.489740829984
2017-08-19,BTC,4175.0,4108.12,4000.0,4186.08,10071.680082600009
2017-08-20,BTC,4108.12,4066.29,4044.52,4179.0,8062.104922540015
2017-08-21,BTC,4066.29,3884.99,3820.0,4082.56,16405.060002460024
2017-08-22,BTC,3884.95,4103.83,3583.46,4140.98,18082.639235059993
2017-08-23,BTC,4102.59,4151.03,4075.99,4247.88,11972.477410219986
2017-08-24,BTC,4148.95,4349.42,4112.76,4368.99,10050.033775370011
2017-08-25,BTC,4349.42,4300.01,4284.01,4451.27,10653.046227060013
2017-08-26,BTC,4300.01,4358.0,4260.01,4392.0,5818.150810149997
2017-08-27,BTC,4356.99,4313.95,4301.37,4375.96,7693.060518540005
2017-08-28,BTC,4313.92,4377.5,4200.0,4396.0,9540.631576079997
2017-08-29,BTC,4377.49,4608.77,4350.0,4641.75,14693.609128860004
2017-08-30,BTC,4608.74,4626.61,4500.55,4635.21,10118.66465131001
2017-08-31,BTC,4626.61,4766.5,4610.0,4781.96,13205.206713569974
2017-09-01,BTC,4766.47,4915.19,4706.0,4980.0,17902.485183659996
2017-09-02,BTC,4915.19,4671.12,4500.0,4925.4,18266.851867910056
2017-09-03,BTC,4671.12,4586.53,4524.0,4742.8,10537.09421156
2017-09-04,BTC,4586.53,4345.0,4234.16,4586.99,22317.73368588
2017-09-05,BTC,4345.0,4500.01,4243.44,4528.25,16047.081434979973
2017-09-06,BTC,4491.1,4536.94,4431.0,4692.0,14989.994674029995
2017-09-07,BTC,4537.12,4618.99,4475.01,4665.4,7662.722019499996
2017-09-08,BTC,4611.08,4338.1,4140.0,4679.99,22184.331143589992
2017-09-09,BTC,4338.07,4249.55,4180.0,4444.1,9455.450803199983
2017-09-10,BTC,4249.5,4303.47,4139.0,4349.99,10077.993872149993
2017-09-11,BTC,4303.47,4249.99,4111.14,4365.0,9027.007492040006
2017-09-12,BTC,4249.99,4024.8,4016.38,4375.0,13424.709234619993
2017-09-13,BTC,4024.69,3877.74,3726.0,4059.02,20894.173623929968
2017-09-14,BTC,3877.74,3386.59,3230.05,3896.72,39284.91752705002
2017-09-15,BTC,3386.13,3783.42,2975.01,3876.93,49869.8815845599
2017-09-16,BTC,3783.2,3664.11,3600.0,4034.0,18146.096282189985
2017-09-17,BTC,3664.11,3828.0,3475.64,3841.0,11822.672332289989
2017-09-18,BTC,3827.25,4005.7,3774.41,4125.12,18057.03488421999
2017-09-19,BTC,3999.98,3900.01,3850.44,4048.99,11515.86443093001
2017-09-20,BTC,3900.01,3876.89,3811.0,4042.41,10372.04569149
2017-09-21,BTC,3876.89,3635.61,3571.0,3902.92,13803.35261141001
2017-09-22,BTC,3635.4,3640.26,3509.79,3764.08,11688.019328619974
2017-09-23,BTC,3640.26,3773.01,3618.21,3818.49,6488.075386259992
2017-09-24,BTC,3773.01,3769.01,3630.01,3789.97,4841.75164849
2017-09-25,BTC,3764.04,3939.99,3740.0,3965.35,9030.66606934001
2017-09-26,BTC,3939.99,3910.03,3854.29,3959.99,5660.865920560003
2017-09-27,BTC,3910.03,4169.8,3908.01,4228.39,12207.923261470001
2017-09-28,BTC,4169.8,4078.97,4064.57,4269.95,8188.959407359996
2017-09-29,BTC,4078.06,4201.18,4015.17,4212.99,9132.311429069989
2017-09-30,BTC,4201.18,4270.01,4179.71,4357.85,6691.468038179994
2017-10-01,BTC,4269.58,4399.94,4256.92,4424.41,5424.005785779999
2017-10-02,BTC,4399.94,4412.04,4354.99,4469.99,7672.931612120009
2017-10-03,BTC,4410.86,4298.04,4242.42,4417.01,9884.556096969993
2017-10-04,BTC,4297.95,4230.03,4179.99,4344.0,6000.209147309995
2017-10-05,BTC,4230.03,4322.32,4150.01,4358.78,6427.629745639993
2017-10-06,BTC,4318.59,4362.5,4318.57,4407.0,6462.450154039998
2017-10-07,BTC,4362.47,4434.0,4320.0,4449.41,3888.028477409997
2017-10-08,BTC,4434.0,4616.86,4421.04,4619.78,7499.816403179984
2017-10-09,BTC,4616.86,4817.08,4561.0,4875.13,15086.64290021998
2017-10-10,BTC,4817.02,4772.41,4701.53,4925.65,12302.701640090008
2017-10-11,BTC,4772.41,4849.99,4725.1,4869.4,7458.433909029997
2017-10-12,BTC,4849.76,5692.89,4832.22,5864.05,25806.33362496
2017-10-13,BTC,5653.58,5656.94,5420.0,5799.7,19426.89729451004
2017-10-14,BTC,5655.59,5849.1,5567.86,5849.78,9397.95395595999
2017-10-15,BTC,5849.1,5675.0,5455.5,5847.39,10537.944322360026
2017-10-16,BTC,5673.66,5623.79,5575.55,5785.3,9209.547199469986
2017-10-17,BTC,5621.93,5500.01,5490.01,5687.0,8794.803203870008
2017-10-18,BTC,5493.0,5624.51,5102.0,5645.0,16936.905267319995
2017-10-19,BTC,5625.0,5699.67,5539.99,5744.6,8121.656360809985
2017-10-20,BTC,5698.85,6050.43,5630.0,6071.0,17142.61567472998
2017-10-21,BTC,6050.43,6057.11,5868.26,6189.05,13303.63213994999
2017-10-22,BTC,6056.53,6026.99,5755.95,6056.51,10458.91596116001
2017-10-23,BTC,6026.99,5673.45,5640.0,6057.02,18717.967675679985
2017-10-24,BTC,5665.83,5390.65,5376.71,5775.0,16526.437377929993
2017-10-25,BTC,5390.61,5703.2,5380.0,5768.0,12732.933101040013
2017-10-26,BTC,5701.24,5946.99,5701.0,5998.0,11357.06782958001
2017-10-27,BTC,5946.99,5861.02,5708.8,5966.22,8748.581445789998
2017-10-28,BTC,5861.02,5730.0,5715.0,5864.65,4935.937918690006
2017-10-29,BTC,5729.99,6133.38,5729.99,6288.13,13017.852653290023
2017-10-30,BTC,6133.37,6143.35,6028.0,6200.0,7714.077728009997
2017-10-31,BTC,6143.35,6420.0,6099.0,6472.0,14682.318864849998
2017-11-01,BTC,6420.0,6919.99,6363.59,6987.0,24433.435523690023
2017-11-02,BTC,6917.97,7012.21,6769.74,7444.44,30249.85771367999
2017-11-03,BTC,7011.99,7120.0,7011.1,7449.98,23726.598950290016
2017-11-04,BTC,7120.0,7422.21,7120.0,7497.5,12511.465338929982
2017-11-05,BTC,7422.2,7379.97,7310.0,7630.0,15618.964975489993
2017-11-06,BTC,7379.96,7080.2,6900.73,7427.0,23942.517563400044
2017-11-07,BTC,7080.2,7310.0,6980.0,7346.0,15195.82586310001
2017-11-08,BTC,7309.96,7397.64,7031.66,7880.05,36001.28469287998
2017-11-09,BTC,7397.13,7280.12,7079.0,7470.0,17788.31276248999
2017-11-10,BTC,7274.25,6894.99,6426.0,7318.99,33003.50744604002
2017-11-11,BTC,6893.33,6225.01,6201.01,6890.0,24493.23288827
2017-11-12,BTC,6225.01,5890.0,5511.11,6481.0,50891.44085839001
2017-11-13,BTC,5890.0,6645.01,5862.57,6839.99,34734.11273362997
2017-11-14,BTC,6631.27,6781.1,6464.64,6798.5,20464.630626450024
2017-11-15,BTC,6781.1,7180.0,6779.9,7348.0,25580.201974019994
2017-11-16,BTC,7177.46,7892.24,7131.25,7988.49,29477.253348310005
2017-11-17,BTC,7886.29,7550.01,7536.0,7975.0,22975.27385990001
2017-11-18,BTC,7550.01,7816.1,7502.0,7847.0,13021.744274530003
2017-11-19,BTC,7816.1,8027.01,7700.0,8097.91,14306.783817450014
2017-11-20,BTC,8027.01,8264.53,7969.0,8293.01,15541.351731240007
2017-11-21,BTC,8264.53,8169.99,7802.99,8374.81,29749.35834593998
2017-11-22,BTC,8169.99,8205.01,8107.95,8298.98,13079.297520830009
2017-11-23,BTC,8205.01,8005.95,7900.0,8262.12,12793.870023619987
2017-11-24,BTC,8001.08,8215.0,8001.08,8324.0,13014.61511032002
2017-11-25,BTC,8215.0,8895.0,8210.0,8948.0,17744.85642739999
2017-11-26,BTC,8895.0,9687.0,8880.0,9725.0,29043.556465480015
2017-11-27,BTC,9686.99,9758.0,9438.02,9795.0,22151.58511212003
2017-11-28,BTC,9758.0,10083.56,9708.82,10097.0,20648.199950110014
2017-11-29,BTC,10083.4,10494.0,8595.55,11480.06,65765.94740055014
2017-11-30,BTC,10492.96,9798.96,9135.6,10850.0,39616.00298545992
2017-12-01,BTC,9795.67,11033.93,9517.0,11089.98,32479.16360792995
2017-12-02,BTC,11030.0,10929.94,10701.0,11100.0,17622.64106369002
2017-12-03,BTC,10929.94,11450.0,10601.0,11891.0,31907.937412949977
2017-12-04,BTC,11450.0,11590.0,10950.0,11677.99,18370.481162019994
2017-12-05,BTC,11590.0,11978.0,11532.0,11978.0,18073.080482599984
2017-12-06,BTC,11964.63,14370.21,11934.19,14400.0,50621.62074981999
2017-12-07,BTC,14361.01,17655.05,13500.0,19499.99,82407.62875618011
2017-12-08,BTC,17616.78,15859.17,13788.99,17510.01,61079.80443541
2017-12-09,BTC,15809.68,14539.0,13550.0,16274.09,38371.463949349956
2017-12-10,BTC,14526.54,16174.38,13501.0,16242.16,47414.56743800997
2017-12-11,BTC,16158.49,16980.0,16030.0,17493.0,34353.90147173002
2017-12-12,BTC,16980.0,17643.78,16375.0,18147.0,43030.43502855001
2017-12-13,BTC,17624.45,16730.0,15700.0,17745.36,28076.831438760008
2017-12-14,BTC,16730.0,17190.0,16256.0,17250.0,18009.888144179964
2017-12-15,BTC,17158.01,17762.22,17092.37,17890.0,24800.817232450026
2017-12-16,BTC,17748.73,19286.25,17630.0,19796.99,27499.57302333001
2017-12-17,BTC,19286.25,18800.0,18200.0,19891.99,24408.697247339995
2017-12-18,BTC,18800.0,18870.0,18425.0,19367.5,19847.278711840016
2017-12-19,BTC,18868.35,16579.87,14001.0,19096.0,44718.17820821996
2017-12-20,BTC,16532.0,16599.99,15693.97,17889.97,34638.92699755992
2017-12-21,BTC,16550.01,14885.39,14505.02,17357.14,32813.13085429999
2017-12-22,BTC,14829.75,14390.0,10400.0,15489.99,99788.62788288013
2017-12-23,BTC,14350.2,14610.01,13750.0,16260.88,29663.36029715999
2017-12-24,BTC,14532.98,14084.72,13210.0,14944.99,23447.213146500017
2017-12-25,BTC,14084.0,14204.01,13500.0,14774.0,13667.716501709983
2017-12-26,BTC,14204.01,15964.98,14190.03,16146.94,22736.230162969987
2017-12-27,BTC,15935.01,15442.27,14524.37,16488.07,24858.573727999996
2017-12-28,BTC,15442.27,14393.48,13500.0,15489.0,30617.855799890018
2017-12-29,BTC,14377.23,14169.72,14041.81,15086.0,19505.605350709975
2017-12-30,BTC,14112.03,13185.0,12500.0,14135.05,28562.183603030022
2017-12-31,BTC,13178.0,13381.01,12701.0,14273.97,17447.05105187999
2018-01-01,BTC,13345.71,13703.0,12952.5,13929.54,12583.79047527003
2018-01-02,BTC,13639.99,14889.0,13005.0,15275.0,25068.070751820003
2018-01-03,BTC,14888.9,15370.0,14628.0,15400.0,18407.595507890008
2018-01-04,BTC,15369.73,15073.0,14230.0,15400.0,18536.24639497999
2018-01-05,BTC,15073.0,16944.0,14819.78,17177.99,23516.335252870012
2018-01-06,BTC,16944.0,17006.99,16251.01,17173.99,13010.02304335
2018-01-07,BTC,16997.17,16174.23,15755.01,16997.16,11032.956188749979
